INSERT IGNORE INTO `image_data` (`image_data_id`, `file_name`, `image_url`) VALUES
                                                                         (1, 'Asian Rummy Nose.png', '/images/shop/Asian Rummy Nose.png'),
                                                                         (2, 'Neon Tetra.png', '/images/shop/Neon Tetra.png'),
                                                                         (3, 'Discus.png', '/images/shop/Discus.png'),
                                                                         (4, 'Angelfish.png', '/images/shop/Angelfish.png'),
                                                                         (5, 'Betta Fish.jpg', '/images/shop/Betta Fish.jpg'),
                                                                         (6, 'Clownfish.jpg', '/images/shop/Clownfish.jpg'),
                                                                         (7, 'Coral Reef Decor.jpg', '/images/shop/Coral Reef Decor.jpg'),
                                                                         (8, 'Aquarium Heater.jpg', '/images/shop/Aquarium Heater.jpg'),
                                                                         (9, 'LED Aquarium Lighting.jpg', '/images/shop/LED Aquarium Lighting.jpg'),
                                                                         (10, 'Fish Tank Gravel.jpg', '/images/shop/Fish Tank Gravel.jpg'),
                                                                         (11, 'Airstone and Air Pump.jpg', '/images/shop/Airstone and Air Pump.jpg'),
                                                                         (12, 'Gallon Glass Aquarium.jpg', '/images/shop/Gallon Glass Aquarium.jpg'),
                                                                         (13, 'Nano Reef Aquarium Kit.jpg', '/images/shop/Nano Reef Aquarium Kit.jpg'),
                                                                         (14, 'Acrylic Bowfront Aquarium.jpg', '/images/shop/Acrylic Bowfront Aquarium.jpg'),
                                                                         (15, 'Custom Aquarium Stand.jpg', '/images/shop/Custom Aquarium Stand.jpg'),
                                                                         (16, 'Tropical Fish Flakes.jpg', '/images/shop/Tropical Fish Flakes.jpg'),
                                                                         (17, 'Freeze-Dried Bloodworms.jpg', '/images/shop/Freeze-Dried Bloodworms.jpg'),
                                                                         (18, 'Pellet Fish Food.jpg', '/images/shop/Pellet Fish Food.jpg'),
                                                                         (19, 'Tropical Fish Granules.png', '/images/shop/Tropical Fish Granules.png'),
                                                                         (20, 'Algae Wafers.jpg', '/images/shop/Algae Wafers.jpg'),
                                                                         (21, 'Fish Antibiotics.jpg', '/images/shop/Fish Antibiotics.jpg'),
                                                                         (22, 'Fish Parasite Remedy.jpg', '/images/shop/Fish Parasite Remedy.jpg'),
                                                                         (23, 'Ich-X Fish Medicatio.jpg', '/images/shop/Ich-X Fish Medicatio.jpg'),
                                                                         (24, 'Fungus Guard.jpg', '/images/shop/Fungus Guard.jpg'),
                                                                         (25, 'Anubias Nana.jpg', '/images/shop/Anubias Nana.jpg'),
                                                                         (26, 'Java Moss.jpeg', '/images/shop/Java Moss.jpeg'),
                                                                         (27, 'Amazon Sword Plant.jpg', '/images/shop/Amazon Sword Plant.jpg'),
                                                                         (28, 'Dwarf Hairgrass.jpg', '/images/shop/Dwarf Hairgrass.jpg'),
                                                                         (29, 'Cryptocoryne Wendtii.jpg', '/images/shop/Cryptocoryne Wendtii.jpg'),
                                                                         (30, 'Dwarf Lily Bulbs.jpg', '/images/shop/Dwarf Lily Bulbs.jpg');


INSERT IGNORE INTO `items` (`item_id`, `item_category`, `item_details`, `item_name`, `item_price`, `item_rating`, `item_weight`, `supplier`) VALUES
                                                                                                                                          (1, 'ANIMALS', 'Lorem ipsum dolior sit iamet, coinsecteturui adipisciing elit. Etiam semper placerat tellus, sit amet accumsan odio vuulputate et. Mauris lacinia ligu', 'Asian Rummy Nose', 13.50, 4, 5, 'Fishco'),
                                                                                                                                          (2, 'ANIMALS', 'Vibrant blue and red colors, peaceful schooling fish.', 'Neon Tetra', 2.99, 4, 7, 'Exotic Aquatics Emporium'),
                                                                                                                                          (3, 'ANIMALS', 'Elegant and colorful, known for their unique shape.', 'Discus', 34.99, 5, 90, 'Tropic Oasis Aquatics'),
                                                                                                                                          (4, 'ANIMALS', 'Graceful and distinctive, popular in freshwater tanks.', 'Angelfish', 7.99, 4, 70, 'Tropic Oasis Aquatics'),
                                                                                                                                          (5, 'ANIMALS', 'Stunning colors, known for their labyrinth organ.', 'Betta Fish', 5.99, 5, 10, 'Exotic Aquatics Emporium'),
                                                                                                                                          (6, 'ANIMALS', 'Iconic striped pattern, perfect for marine aquariums.', 'Clownfish', 14.99, 4, 15, 'Exotic Aquatics Emporium'),
                                                                                                                                          (7, 'ACCESSORIES', 'Colorful artificial coral for a lively aquarium.', 'Coral Reef Decor', 12.99, 4, 200, 'AquaWorld Accents'),
                                                                                                                                          (8, 'ACCESSORIES', 'Precise temperature control for your fish\'s comfort.', 'Aquarium Heater', 29.99, 4, 300, 'HeatMaster Aquatics'),
(9, 'ACCESSORIES', 'Enhance the vibrancy of your tank with adjustable LED lights.', 'LED Aquarium Lighting', 34.99, 4, 400, 'LightWave Innovations'),
(10, 'ACCESSORIES', 'Vibrant and safe substrate to brighten your aquatic world.', 'Fish Tank Gravel', 8.99, 4, 1500, 'AquaGems Supplies'),
(11, 'ACCESSORIES', 'Adds oxygen and beauty with bubbles in your tank.', 'Airstone and Air Pump', 19.99, 4, 150, 'Bubblize Aquatics'),
(12, 'AQUARIUMS', 'Spacious glass tank for your tropical fish collection.', 'Gallon Glass Aquarium', 79.99, 5, 25000, 'AquaGlass Tanks'),
(13, 'AQUARIUMS', 'Compact reef setup with LED lighting and filtration.', 'Nano Reef Aquarium Kit', 129.99, 4, 10000, 'CoralLife Creations'),
(14, 'AQUARIUMS', 'Stylish bowfront design with durable acrylic material.', 'Acrylic Bowfront Aquarium', 149.99, 5, 20000, 'BowWave Aquatics'),
(15, 'AQUARIUMS', 'Sturdy and sleek stand for showcasing your aquarium.', 'Custom Aquarium Stand', 49.99, 4, 15000, 'StandMaster Furniture'),
(16, 'FOOD', 'Nutrient-rich flakes for a balanced diet.', 'Tropical Fish Flakes', 7.99, 5, 100, 'NutriFish Foods'),
(17, 'FOOD', 'High-protein treats for all tropical fish.', 'Freeze-Dried Bloodworms', 9.99, 5, 50, 'Wormy Delights'),
(18, 'FOOD', 'Specially formulated pellets for optimal growth.', 'Pellet Fish Food', 10.99, 3, 120, 'PelletMaster Feeds'),
(19, 'FOOD', 'Small granules for various fish species.', 'Tropical Fish Granules', 8.99, 4, 80, 'GranuFish Nutrition'),
(20, 'FOOD', 'Sinkable wafers to support herbivorous fish.', 'Algae Wafers', 6.99, 4, 75, 'AlgaeEater Foods'),
(21, 'MEDICINE', 'Broad-spectrum antibiotic treatment for common fish diseases.', 'Fish Antibiotics', 12.99, 5, 30, 'MediFish Pharmaceuticals'),
(22, 'MEDICINE', 'Effective treatment for external parasites and worms.', 'Fish Parasite Remedy', 9.99, 4, 25, 'ParaCure Solutions'),
(23, 'MEDICINE', 'Rapidly treats Ich (white spot disease) in freshwater fish.', 'Ich-X Fish Medicatio', 7.99, 4, 20, 'IchNoMore Remedies'),
(24, 'MEDICINE', 'Antifungal medication for fungal infections in fish.', 'Fungus Guard', 10.99, 4, 30, 'FungusShield Medicines'),
(25, 'PLANTS', 'Hardy and low-maintenance aquarium plant with broad leaves.', 'Anubias Nana', 5.99, 4, 50, 'Green AquaFlora'),
(26, 'PLANTS', 'Lush, dense, and versatile moss for aquascaping.', 'Java Moss', 4.99, 4, 30, 'MossyScapes Nursery'),
(27, 'PLANTS', 'Tall and elegant plant for background decoration.', 'Amazon Sword Plant', 7.99, 5, 60, 'SwordLeaf Gardens'),
(28, 'PLANTS', 'Fine and carpeting plant for a natural look.', 'Dwarf Hairgrass', 6.99, 4, 40, 'GrassCraft Aquatics'),
(29, 'PLANTS', 'Colorful and compact plant suitable for midground.', 'Cryptocoryne Wendtii', 5.99, 3, 45, 'CryptoGrow Farms'),
(30, 'PLANTS', 'Easy-to-grow bulbs that produce lily pad-like leaves.', 'Dwarf Lily Bulbs', 6.99, 4, 30, 'LilyBulb Oasis');


INSERT IGNORE INTO `item_images` (`item_id`, `image_data_id`) VALUES
(1, 1),
(2, 2),
(3, 3),
(4, 4),
(5, 5),
(6, 6),
(7, 7),
(8, 8),
(9, 9),
(10, 10),
(11, 11),
(12, 12),
(13, 13),
(14, 14),
(15, 15),
(16, 16),
(17, 17),
(18, 18),
(19, 19),
(20, 20),
(21, 21),
(22, 22),
(23, 23),
(24, 24),
(25, 25),
(26, 26),
(27, 27),
(28, 28),
(29, 29),
(30, 30);

INSERT IGNORE INTO `tag` (`tag_id`, `tag_name`) VALUES
(1, 'blue'),
(2, 'green'),
(3, 'white'),
(4, 'yellow'),
(5, 'orange'),
(6, 'red'),
(7, 'purple'),
(8, 'black');

INSERT IGNORE INTO `item_tags` (`item_id`, `tag_id`) VALUES
(1, 1),
(1, 4),
(2, 6),
(3, 4),
(4, 3),
(5, 2),
(5, 4),
(6, 5);



